{"cameraMode":{"drawMode":0,"name":"Shaded","section":"Shading Mode"},"sceneLighting":true,"audioPlay":false,"sceneViewState":{"m_AlwaysRefresh":false,"showFog":true,"showSkybox":true,"showFlares":true,"showImageEffects":true,"showParticleSystems":true,"showVisualEffectGraphs":true,"m_FxEnabled":true},"in2DMode":false,"pivot":{"x":15.412935256958008,"y":-2.3294901847839357,"z":20.119909286499025},"rotation":{"x":-0.06691887229681015,"y":-0.31616514921188357,"z":0.022322675213217737,"w":-0.9461253881454468},"size":14.539993286132813,"orthographic":false}